filename,person_count
000000425226.jpg,1
000000440475.jpg,1
000000266400.jpg,2
000000069213.jpg,7
000000555050.jpg,1
000000292456.jpg,3
000000309391.jpg,14
000000291634.jpg,10
000000433915.jpg,2
000000441247.jpg,2
000000139099.jpg,14
000000458992.jpg,1
000000481567.jpg,1
000000251140.jpg,2
000000055022.jpg,2
000000329614.jpg,1
000000165681.jpg,12
000000009772.jpg,1
000000102331.jpg,1
000000395180.jpg,6
000000301376.jpg,4
000000078748.jpg,14
000000031817.jpg,5
000000579902.jpg,1
000000182611.jpg,2
000000178982.jpg,2
000000357737.jpg,4
000000279278.jpg,7
000000038829.jpg,6
000000494869.jpg,2
000000329219.jpg,1
000000380706.jpg,3
000000546976.jpg,1
000000493286.jpg,3
000000122166.jpg,6
000000394199.jpg,1
000000419974.jpg,2
000000424162.jpg,3
000000011149.jpg,2
000000492937.jpg,1
000000464476.jpg,1
000000169996.jpg,5
000000146667.jpg,12
000000397133.jpg,2
000000289343.jpg,1
000000579321.jpg,1
000000422706.jpg,4
000000210273.jpg,13
000000261888.jpg,1
000000246963.jpg,5
000000445834.jpg,4
000000176857.jpg,12
000000534605.jpg,3
000000577932.jpg,11
000000338304.jpg,14
000000017899.jpg,1
000000093437.jpg,1
000000488592.jpg,7
000000507975.jpg,6
000000356387.jpg,14
000000067213.jpg,8
000000226408.jpg,1
000000200839.jpg,1
000000068093.jpg,2
000000554002.jpg,10
000000210299.jpg,1
000000248334.jpg,9
000000441586.jpg,5
000000472623.jpg,3
000000045596.jpg,2
000000481386.jpg,1
000000570834.jpg,1
000000461751.jpg,3
000000244833.jpg,4
000000414510.jpg,3
000000480985.jpg,8
000000345027.jpg,14
000000404484.jpg,1
000000033854.jpg,13
000000177934.jpg,6
000000367680.jpg,9
000000187243.jpg,1
000000492362.jpg,3
000000202228.jpg,1
000000078404.jpg,3
000000183709.jpg,12
000000054654.jpg,1
000000383606.jpg,1
000000211825.jpg,2
000000117645.jpg,1
000000173799.jpg,2
000000365642.jpg,1
000000297353.jpg,1
000000423123.jpg,4
000000297578.jpg,3
000000110042.jpg,5
000000292997.jpg,3
000000580294.jpg,1
000000482436.jpg,2
000000299887.jpg,2
000000393569.jpg,1
000000333745.jpg,1
000000565045.jpg,1
000000370486.jpg,14
000000233370.jpg,1
000000481573.jpg,1
000000164602.jpg,2
000000173008.jpg,1
000000223747.jpg,1
000000438774.jpg,5
000000016249.jpg,5
000000037670.jpg,1
000000484415.jpg,1
000000485844.jpg,1
000000232563.jpg,2
000000479126.jpg,2
000000008211.jpg,2
000000346703.jpg,7
000000294350.jpg,7
000000313182.jpg,9
000000520910.jpg,1
000000074058.jpg,5
000000281032.jpg,1
000000108026.jpg,1
000000122217.jpg,2
000000030828.jpg,1
000000002532.jpg,1
000000243204.jpg,1
000000117425.jpg,3
000000467511.jpg,2
000000314177.jpg,1
000000466986.jpg,2
000000323263.jpg,5
000000229358.jpg,2
000000144333.jpg,1
000000455597.jpg,2
000000527750.jpg,1
000000170099.jpg,1
000000017436.jpg,1
000000084241.jpg,3
000000032817.jpg,2
000000262895.jpg,1
000000384808.jpg,1
000000465129.jpg,1
000000123480.jpg,1
000000003156.jpg,1
000000097679.jpg,2
000000560474.jpg,9
000000237118.jpg,1
000000561256.jpg,1
000000489339.jpg,1
000000252219.jpg,3
000000474095.jpg,1
000000504074.jpg,2
000000228214.jpg,4
000000398905.jpg,1
000000058705.jpg,2
000000022371.jpg,1
000000066231.jpg,9
000000163562.jpg,1
000000058539.jpg,5
000000228942.jpg,11
000000508370.jpg,2
000000025096.jpg,1
000000033638.jpg,1
000000349184.jpg,7
000000465179.jpg,1
000000507473.jpg,1
000000523100.jpg,1
000000173302.jpg,2
000000206411.jpg,1
000000056350.jpg,9
000000492077.jpg,11
000000138639.jpg,14
000000459272.jpg,10
000000087038.jpg,14
000000226662.jpg,2
000000295809.jpg,2
000000336232.jpg,4
000000267537.jpg,10
000000555597.jpg,1
000000469192.jpg,2
000000507037.jpg,14
000000574702.jpg,12
000000260925.jpg,1
000000044279.jpg,2
000000283785.jpg,14
000000259640.jpg,9
000000154718.jpg,1
000000057672.jpg,11
000000226417.jpg,10
000000455624.jpg,14
000000199771.jpg,10
000000181542.jpg,14
000000296649.jpg,13
000000567197.jpg,2
000000361586.jpg,4
000000343561.jpg,14
000000400803.jpg,2
000000350122.jpg,14
000000052996.jpg,7
000000491213.jpg,1
000000370208.jpg,1
000000276018.jpg,10
000000111086.jpg,4
000000301135.jpg,11
000000191845.jpg,14
000000167122.jpg,1
000000212453.jpg,8
000000086220.jpg,2
000000550714.jpg,1
000000259830.jpg,1
000000489305.jpg,1
000000232649.jpg,1
000000168337.jpg,2
000000017207.jpg,1
000000149222.jpg,3
000000017379.jpg,2
000000055002.jpg,1
000000029187.jpg,1
000000403565.jpg,1
000000371529.jpg,1
000000413552.jpg,2
000000226154.jpg,4
000000568290.jpg,3
000000353180.jpg,10
000000013177.jpg,1
000000516143.jpg,1
000000245448.jpg,5
000000366884.jpg,1
000000274272.jpg,4
000000278848.jpg,4
000000306136.jpg,5
000000206487.jpg,2
000000348881.jpg,2
000000553776.jpg,1
000000055167.jpg,6
000000088951.jpg,1
000000504000.jpg,14
000000408112.jpg,8
000000145620.jpg,4
000000545594.jpg,8
000000071711.jpg,10
000000187144.jpg,9
000000499622.jpg,1
000000365655.jpg,1
000000429109.jpg,4
000000224119.jpg,4
000000008690.jpg,4
000000280710.jpg,11
000000142585.jpg,2
000000425221.jpg,2
000000566436.jpg,1
000000284698.jpg,1
000000342367.jpg,3
000000363875.jpg,1
000000037751.jpg,1
000000214720.jpg,1
000000197870.jpg,1
000000013348.jpg,6
000000482917.jpg,1
000000158548.jpg,14
000000531036.jpg,1
000000381639.jpg,9
000000230008.jpg,2
000000297147.jpg,2
000000194875.jpg,11
000000163746.jpg,11
000000319534.jpg,7
000000214192.jpg,2
000000129756.jpg,1
000000181666.jpg,3
000000520009.jpg,3
000000026204.jpg,4
000000226802.jpg,14
000000336658.jpg,14
000000187249.jpg,2
000000463199.jpg,12
000000319607.jpg,4
000000396903.jpg,2
000000007816.jpg,10
000000017627.jpg,4
000000392722.jpg,6
000000332901.jpg,6
000000538364.jpg,10
000000224724.jpg,5
000000103548.jpg,1
000000460967.jpg,1
000000459634.jpg,1
000000372819.jpg,2
000000255749.jpg,4
000000338219.jpg,14
000000578792.jpg,1
000000522713.jpg,2
000000446651.jpg,3
000000110721.jpg,1
000000571857.jpg,2
000000169076.jpg,2
000000144114.jpg,1
000000338625.jpg,8
000000052017.jpg,1
000000427338.jpg,2
000000497568.jpg,2
000000455085.jpg,1
000000102356.jpg,1
000000102411.jpg,11
000000463730.jpg,14
000000183500.jpg,1
000000275749.jpg,6
000000210032.jpg,4
000000165518.jpg,1
000000027768.jpg,7
000000198928.jpg,1
000000147740.jpg,7
000000446206.jpg,4
000000144300.jpg,2
000000180383.jpg,1
000000190676.jpg,14
000000374052.jpg,5
000000333402.jpg,3
000000094871.jpg,4
000000350023.jpg,6
000000134886.jpg,10
000000334371.jpg,1
000000550691.jpg,2
000000142472.jpg,6
000000571264.jpg,1
000000377723.jpg,14
000000551794.jpg,1
000000099054.jpg,3
000000545219.jpg,5
000000433204.jpg,5
000000394275.jpg,9
000000491090.jpg,1
000000550349.jpg,5
000000192699.jpg,2
000000534827.jpg,4
000000459437.jpg,1
000000457848.jpg,5
000000413404.jpg,2
000000570539.jpg,6
000000143556.jpg,7
000000063740.jpg,3
000000001761.jpg,5
000000513580.jpg,1
000000432553.jpg,1
000000205401.jpg,2
000000537153.jpg,2
000000036494.jpg,14
000000150265.jpg,6
000000517069.jpg,2
000000341921.jpg,1
000000389812.jpg,1
000000076416.jpg,4
000000343496.jpg,1
000000449909.jpg,1
000000130826.jpg,6
000000088848.jpg,5
000000459153.jpg,1
000000094751.jpg,11
000000395575.jpg,1
000000215723.jpg,2
000000202339.jpg,2
000000531134.jpg,7
000000222118.jpg,1
000000327601.jpg,1
000000186449.jpg,7
000000042628.jpg,5
000000386912.jpg,1
000000542423.jpg,4
000000021839.jpg,9
000000287291.jpg,6
000000575187.jpg,1
000000089697.jpg,2
000000162858.jpg,1
000000553511.jpg,2
000000408696.jpg,4
000000229659.jpg,3
000000098716.jpg,3
000000221754.jpg,7
000000569030.jpg,12
000000193717.jpg,1
000000373705.jpg,6
000000087144.jpg,3
000000273132.jpg,1
000000126226.jpg,6
000000011511.jpg,4
000000060347.jpg,1
000000132587.jpg,6
000000531707.jpg,4
000000571718.jpg,2
000000058393.jpg,2
000000391375.jpg,1
000000048153.jpg,1
000000144003.jpg,6
000000044590.jpg,12
000000152120.jpg,1
000000295713.jpg,7
000000547336.jpg,1
000000436738.jpg,2
000000562448.jpg,2
000000062353.jpg,6
000000067180.jpg,1
000000227478.jpg,2
000000291791.jpg,3
000000001584.jpg,11
000000240049.jpg,2
000000412894.jpg,14
000000214869.jpg,1
000000222458.jpg,5
000000105912.jpg,13
000000471567.jpg,3
000000568439.jpg,14
000000211674.jpg,14
000000115946.jpg,1
000000542856.jpg,4
000000284445.jpg,14
000000156071.jpg,14
000000183246.jpg,2
000000361142.jpg,3
000000176606.jpg,1
000000303818.jpg,12
000000468124.jpg,1
000000477441.jpg,3
000000361103.jpg,14
000000248810.jpg,1
000000193926.jpg,2
000000288584.jpg,9
000000315187.jpg,5
000000254814.jpg,14
000000098392.jpg,3
000000204186.jpg,14
000000203389.jpg,9
000000480021.jpg,4
000000441553.jpg,14
000000376365.jpg,1
000000442480.jpg,2
000000005037.jpg,7
000000314251.jpg,12
000000179265.jpg,2
000000453841.jpg,2
000000306893.jpg,9
000000506454.jpg,1
000000097988.jpg,13
000000490936.jpg,14
000000308631.jpg,10
000000142324.jpg,14
000000136715.jpg,14
000000478862.jpg,14
000000085376.jpg,1
000000209222.jpg,14
000000243867.jpg,1
000000302452.jpg,9
000000109900.jpg,10
000000256192.jpg,14
000000190923.jpg,14
000000524850.jpg,14
000000303305.jpg,3
000000255917.jpg,1
000000479912.jpg,3
000000472678.jpg,4
000000234526.jpg,10
000000094326.jpg,1
000000520324.jpg,1
000000437514.jpg,1
000000042070.jpg,1
000000042102.jpg,1
000000289222.jpg,1
000000512564.jpg,3
000000190756.jpg,1
000000363840.jpg,1
000000131138.jpg,1
000000032941.jpg,3
000000284725.jpg,6
000000269632.jpg,1
000000143931.jpg,1
000000272136.jpg,1
000000017905.jpg,1
000000464824.jpg,1
000000340451.jpg,1
000000457078.jpg,1
000000176037.jpg,5
000000081394.jpg,1
000000070254.jpg,7
000000161609.jpg,3
000000389532.jpg,1
000000276024.jpg,2
000000494188.jpg,7
000000389451.jpg,12
000000428562.jpg,6
000000484893.jpg,2
000000525155.jpg,1
000000284991.jpg,1
000000559956.jpg,3
000000375278.jpg,1
000000406997.jpg,5
000000393093.jpg,1
000000128372.jpg,9
000000220858.jpg,5
000000025560.jpg,1
000000439715.jpg,12
000000469246.jpg,7
000000429718.jpg,1
000000375493.jpg,1
000000455219.jpg,2
000000458755.jpg,4
000000046497.jpg,3
000000146825.jpg,6
000000105264.jpg,8
000000153527.jpg,4
000000053529.jpg,1
000000355817.jpg,2
000000500477.jpg,1
000000395388.jpg,8
000000076547.jpg,1
000000258911.jpg,3
000000484404.jpg,3
000000527616.jpg,1
000000050145.jpg,4
000000311392.jpg,3
000000415536.jpg,1
000000268000.jpg,2
000000456496.jpg,1
000000378139.jpg,3
000000052007.jpg,6
000000186624.jpg,1
000000563604.jpg,10
000000344029.jpg,6
000000439593.jpg,6
000000572462.jpg,9
000000448410.jpg,11
000000304365.jpg,1
000000076625.jpg,10
000000505638.jpg,4
000000413395.jpg,1
000000546659.jpg,3
000000407083.jpg,1
000000082812.jpg,11
000000148508.jpg,14
000000286422.jpg,4
000000001268.jpg,4
000000362682.jpg,2
000000185472.jpg,4
000000290293.jpg,3
000000303863.jpg,7
000000389684.jpg,1
000000435206.jpg,3
000000415990.jpg,2
000000579818.jpg,2
000000082085.jpg,11
000000013659.jpg,5
000000181421.jpg,3
000000133567.jpg,1
000000287874.jpg,9
000000566524.jpg,6
000000507797.jpg,8
000000288685.jpg,14
000000182441.jpg,1
000000126107.jpg,6
000000511599.jpg,11
000000039484.jpg,14
000000563653.jpg,2
000000431876.jpg,7
000000458109.jpg,4
000000148999.jpg,14
000000117525.jpg,1
000000396338.jpg,5
000000475387.jpg,11
000000140203.jpg,6
000000061268.jpg,1
000000394206.jpg,10
000000426268.jpg,1
000000087470.jpg,2
000000190140.jpg,1
000000082696.jpg,1
000000497867.jpg,3
000000140583.jpg,2
000000436883.jpg,6
000000171611.jpg,1
000000308394.jpg,1
000000236166.jpg,1
000000508917.jpg,12
000000233727.jpg,9
000000511076.jpg,2
000000006040.jpg,9
000000469067.jpg,1
000000356612.jpg,7
000000492282.jpg,4
000000138979.jpg,5
000000072852.jpg,2
000000049060.jpg,6
000000122606.jpg,1
000000231580.jpg,7
000000357748.jpg,4
000000025181.jpg,3
000000140640.jpg,3
000000135902.jpg,1
000000220732.jpg,1
000000535094.jpg,2
000000079229.jpg,1
000000155145.jpg,3
000000548780.jpg,6
000000369675.jpg,6
000000002006.jpg,3
000000434247.jpg,6
000000574315.jpg,1
000000183675.jpg,1
000000511999.jpg,3
000000423617.jpg,5
000000495146.jpg,8
000000565778.jpg,4
000000165039.jpg,9
000000169169.jpg,14
000000253835.jpg,2
000000014473.jpg,7
000000369812.jpg,7
000000065288.jpg,14
000000130386.jpg,6
000000515025.jpg,1
000000011197.jpg,5
000000133819.jpg,11
000000316054.jpg,1
000000001353.jpg,6
000000137727.jpg,3
000000369442.jpg,12
000000395633.jpg,2
000000252294.jpg,2
000000140556.jpg,4
000000161128.jpg,3
000000038048.jpg,1
000000502336.jpg,5
000000273198.jpg,1
000000345361.jpg,2
000000031322.jpg,2
000000564336.jpg,1
000000130599.jpg,1
000000153529.jpg,8
000000135410.jpg,1
000000532058.jpg,1
000000351530.jpg,4
000000492284.jpg,1
000000067616.jpg,5
000000505942.jpg,2
000000358923.jpg,4
000000127092.jpg,1
000000297022.jpg,3
000000205289.jpg,1
000000401446.jpg,1
000000373353.jpg,12
000000569273.jpg,5
000000158956.jpg,1
000000475484.jpg,6
000000456559.jpg,1
000000323751.jpg,2
000000029397.jpg,1
000000285894.jpg,3
000000172648.jpg,2
000000049259.jpg,1
000000078843.jpg,2
000000301061.jpg,1
000000385190.jpg,3
000000101068.jpg,1
000000350003.jpg,2
000000009769.jpg,3
000000467848.jpg,1
000000377946.jpg,8
000000151657.jpg,2
000000180011.jpg,1
000000315492.jpg,1
000000393226.jpg,1
000000365745.jpg,2
000000155341.jpg,6
000000192607.jpg,1
000000260261.jpg,2
000000014226.jpg,1
000000466125.jpg,3
000000203294.jpg,3
000000322864.jpg,1
000000212226.jpg,1
000000289594.jpg,1
000000424975.jpg,2
000000018837.jpg,6
000000046872.jpg,2
000000443969.jpg,6
000000442456.jpg,2
000000264535.jpg,3
000000278749.jpg,12
000000131444.jpg,1
000000060090.jpg,5
000000087244.jpg,1
000000521141.jpg,3
000000320232.jpg,3
000000420916.jpg,3
000000129062.jpg,1
000000276707.jpg,3
000000270297.jpg,1
000000401862.jpg,8
000000322610.jpg,13
000000565563.jpg,1
000000334555.jpg,13
000000471023.jpg,13
000000509451.jpg,6
000000210394.jpg,14
000000482585.jpg,2
000000259854.jpg,1
000000151480.jpg,11
000000227399.jpg,14
000000489014.jpg,1
000000147725.jpg,2
000000100723.jpg,14
000000500423.jpg,1
000000460841.jpg,1
000000114907.jpg,14
000000532530.jpg,4
000000065455.jpg,14
000000086483.jpg,1
000000460347.jpg,2
000000153011.jpg,9
000000295420.jpg,1
000000311190.jpg,1
000000217400.jpg,2
000000489842.jpg,14
000000163314.jpg,14
000000507667.jpg,12
000000204871.jpg,3
000000252559.jpg,13
000000376625.jpg,11
000000568147.jpg,4
000000334006.jpg,1
000000430073.jpg,13
000000563702.jpg,2
000000078565.jpg,14
000000566923.jpg,10
000000258793.jpg,1
000000188439.jpg,1
000000338532.jpg,2
000000578093.jpg,4
000000184324.jpg,14
000000193162.jpg,1
000000283318.jpg,3
000000124798.jpg,1
000000126110.jpg,1
000000249643.jpg,1
000000499181.jpg,1
000000277005.jpg,14
000000213593.jpg,2
000000441468.jpg,7
000000019109.jpg,13
000000099114.jpg,14
000000219271.jpg,14
000000290248.jpg,14
000000448810.jpg,1
000000054967.jpg,1
000000534673.jpg,2
000000352491.jpg,5
000000343976.jpg,3
000000259571.jpg,14
000000423229.jpg,10
000000201148.jpg,2
000000133000.jpg,2
000000084170.jpg,2
000000028993.jpg,9
000000460147.jpg,3
000000396518.jpg,1
000000198510.jpg,1
000000558421.jpg,1
000000542776.jpg,1
000000483667.jpg,1
000000353518.jpg,2
000000192716.jpg,1
000000570664.jpg,1
000000417779.jpg,1
000000488710.jpg,1
000000110784.jpg,1
000000246454.jpg,2
000000181816.jpg,3
000000296224.jpg,1
000000309173.jpg,1
000000565962.jpg,1
000000580418.jpg,1
000000213605.jpg,1
000000334521.jpg,1
000000073702.jpg,2
000000463618.jpg,2
000000118405.jpg,1
000000410712.jpg,1
000000148719.jpg,1
000000185250.jpg,2
000000549390.jpg,12
000000534270.jpg,2
000000250127.jpg,1
000000184611.jpg,14
000000502168.jpg,9
000000458223.jpg,1
000000149568.jpg,1
000000060823.jpg,2
000000198489.jpg,1
000000116439.jpg,1
000000341469.jpg,2
000000253386.jpg,2
000000549220.jpg,4
000000458255.jpg,1
000000570448.jpg,2
000000066038.jpg,6
000000330369.jpg,1
000000472298.jpg,2
000000213033.jpg,1
000000448256.jpg,3
000000080153.jpg,1
000000554579.jpg,3
000000154004.jpg,14
000000047828.jpg,11
000000289741.jpg,13
000000006763.jpg,3
000000312421.jpg,6
000000522393.jpg,2
000000040083.jpg,3
000000508101.jpg,3
000000092416.jpg,5
000000413689.jpg,8
000000490171.jpg,1
000000421757.jpg,1
000000473219.jpg,5
000000295478.jpg,1
000000107226.jpg,10
000000239274.jpg,13
000000255536.jpg,2
000000233771.jpg,10
000000445722.jpg,2
000000222559.jpg,12
000000275198.jpg,5
000000338624.jpg,3
000000160772.jpg,10
000000292236.jpg,5
000000519688.jpg,1
000000512836.jpg,2
000000266981.jpg,14
000000061418.jpg,7
000000186873.jpg,9
000000460683.jpg,2
000000399764.jpg,1
000000496597.jpg,2
000000273232.jpg,3
000000020571.jpg,3
000000212800.jpg,14
000000462728.jpg,1
000000257566.jpg,9
000000139872.jpg,2
000000453001.jpg,2
000000414795.jpg,7
000000004134.jpg,13
000000088485.jpg,1
000000329323.jpg,14
000000250619.jpg,1
000000476514.jpg,2
000000061960.jpg,1
000000337055.jpg,1
000000270883.jpg,1
000000012280.jpg,3
000000235241.jpg,5
000000152214.jpg,1
000000060052.jpg,1
000000347254.jpg,5
000000568814.jpg,3
000000417249.jpg,5
000000390826.jpg,1
000000520832.jpg,1
000000132796.jpg,3
000000016598.jpg,1
000000471087.jpg,1
000000334719.jpg,7
000000388846.jpg,14
000000274219.jpg,1
000000286503.jpg,3
000000409198.jpg,1
000000477288.jpg,9
000000267191.jpg,2
000000450075.jpg,3
000000253742.jpg,10
000000369037.jpg,1
000000465180.jpg,6
000000271116.jpg,13
000000055150.jpg,2
000000081594.jpg,1
000000163257.jpg,2
000000309964.jpg,2
000000029984.jpg,4
000000441543.jpg,13
000000397303.jpg,14
000000493772.jpg,1
000000407943.jpg,3
000000476415.jpg,1
000000158945.jpg,2
000000252716.jpg,3
000000535608.jpg,5
000000539962.jpg,4
000000271997.jpg,1
000000277020.jpg,4
000000309484.jpg,1
000000032861.jpg,1
000000172617.jpg,1
000000048504.jpg,2
000000510329.jpg,2
000000215072.jpg,2
000000346232.jpg,11
000000133343.jpg,1
000000170955.jpg,1
000000519208.jpg,1
000000172877.jpg,1
000000351810.jpg,5
000000411953.jpg,2
000000377239.jpg,3
000000020333.jpg,1
000000393115.jpg,1
000000182805.jpg,1
000000344268.jpg,1
000000047585.jpg,5
000000422836.jpg,4
000000190753.jpg,7
000000105923.jpg,7
000000009891.jpg,4
000000562243.jpg,1
000000050811.jpg,1
000000151938.jpg,4
000000415748.jpg,1
000000580197.jpg,3
000000356427.jpg,1
000000119641.jpg,13
000000161032.jpg,1
000000296657.jpg,6
000000384468.jpg,4
000000183716.jpg,2
000000257896.jpg,1
000000365208.jpg,1
000000308328.jpg,4
000000206025.jpg,1
000000442746.jpg,1
000000121417.jpg,9
000000230993.jpg,2
000000203639.jpg,1
000000210789.jpg,2
000000067534.jpg,1
000000328238.jpg,7
000000067315.jpg,2
000000150224.jpg,6
000000319369.jpg,5
000000008532.jpg,1
000000455157.jpg,1
000000575243.jpg,1
000000292082.jpg,2
000000358525.jpg,1
000000443426.jpg,1
000000161875.jpg,1
000000112110.jpg,1
000000310862.jpg,1
000000500257.jpg,6
000000122046.jpg,1
000000103723.jpg,7
000000343803.jpg,1
000000453166.jpg,4
000000360097.jpg,1
000000287527.jpg,2
000000281754.jpg,2
000000032901.jpg,5
000000400815.jpg,1
000000100428.jpg,2
000000007088.jpg,1
000000288042.jpg,1
000000313454.jpg,1
000000486112.jpg,1
000000248284.jpg,2
000000440171.jpg,2
000000406417.jpg,3
000000212573.jpg,2
000000021167.jpg,2
000000281759.jpg,6
000000167067.jpg,1
000000080340.jpg,7
000000267169.jpg,2
000000053624.jpg,5
000000491867.jpg,3
000000008021.jpg,3
000000562207.jpg,3
000000180487.jpg,2
000000107851.jpg,14
000000402774.jpg,1
000000423506.jpg,2
000000258541.jpg,1
000000293300.jpg,1
000000179174.jpg,8
000000370711.jpg,1
000000437351.jpg,1
000000006894.jpg,1
000000526728.jpg,2
000000313588.jpg,1
000000183648.jpg,3
000000210388.jpg,3
000000442306.jpg,1
000000566282.jpg,7
000000557672.jpg,3
000000361551.jpg,5
000000084477.jpg,1
000000377368.jpg,1
000000021604.jpg,1
000000360960.jpg,5
000000262048.jpg,10
000000021903.jpg,2
000000011699.jpg,3
000000356125.jpg,1
000000183437.jpg,4
000000511384.jpg,2
000000025393.jpg,3
000000114049.jpg,6
000000106757.jpg,2
000000549930.jpg,8
000000341094.jpg,1
000000509403.jpg,3
000000018770.jpg,1
000000011051.jpg,2
000000119088.jpg,3
000000166768.jpg,2
000000085329.jpg,1
000000496854.jpg,8
000000136633.jpg,12
000000520707.jpg,14
000000143961.jpg,14
000000449432.jpg,12
000000558114.jpg,14
000000244496.jpg,1
000000200961.jpg,2
000000289229.jpg,1
000000201418.jpg,14
000000178744.jpg,9
000000161978.jpg,14
000000540414.jpg,14
000000250137.jpg,10
000000026941.jpg,2
000000279927.jpg,14
000000323799.jpg,11
000000068409.jpg,10
000000002299.jpg,14
000000530854.jpg,1
000000503855.jpg,9
000000084270.jpg,14
000000024021.jpg,14
000000114884.jpg,13
000000352684.jpg,9
000000530162.jpg,10
000000390555.jpg,14
000000177861.jpg,4
000000207844.jpg,14
000000521259.jpg,14
000000250282.jpg,14
000000060932.jpg,12
000000082821.jpg,6
000000144932.jpg,2
000000463849.jpg,4
000000416104.jpg,11
000000350019.jpg,1
000000320743.jpg,10
000000050006.jpg,2
000000325031.jpg,14
000000477227.jpg,1
000000019924.jpg,1
000000251572.jpg,1
000000223188.jpg,1
000000408120.jpg,1
000000354547.jpg,2
000000368961.jpg,2
000000151962.jpg,1
000000370813.jpg,1
000000047819.jpg,1
000000004395.jpg,1
000000163682.jpg,1
000000301867.jpg,3
000000127660.jpg,1
000000329041.jpg,3
000000177015.jpg,1
000000115245.jpg,3
000000281929.jpg,1
000000360137.jpg,1
000000009448.jpg,1
000000292155.jpg,1
000000034139.jpg,2
000000477689.jpg,1
000000540466.jpg,1
000000389316.jpg,1
000000339823.jpg,1
000000007281.jpg,10
000000121031.jpg,4
000000488251.jpg,2
000000047571.jpg,2
000000479155.jpg,9
000000132408.jpg,3
000000476215.jpg,1
000000213547.jpg,2
000000054931.jpg,1
000000061584.jpg,2
000000275392.jpg,1
000000140286.jpg,2
000000229948.jpg,13
000000506656.jpg,1
000000317433.jpg,1
000000064868.jpg,1
000000381971.jpg,7
000000214753.jpg,2
000000303653.jpg,3
000000553990.jpg,1
000000023126.jpg,1
000000481480.jpg,2
000000048555.jpg,3
000000023034.jpg,2
000000439854.jpg,11
000000303499.jpg,3
000000080659.jpg,3
000000369541.jpg,5
000000463522.jpg,14
000000456015.jpg,4
000000427655.jpg,7
000000576955.jpg,2
000000576052.jpg,1
000000396863.jpg,2
000000040036.jpg,1
000000121242.jpg,6
000000547886.jpg,4
000000367818.jpg,1
000000045070.jpg,1
000000140270.jpg,1
000000206838.jpg,2
000000574297.jpg,1
000000050380.jpg,3
000000227898.jpg,5
000000357459.jpg,1
000000097924.jpg,3
000000360661.jpg,4
000000454798.jpg,3
000000319721.jpg,3
000000265816.jpg,1
000000474854.jpg,1
000000378515.jpg,9
000000012748.jpg,2
000000241677.jpg,3
000000560880.jpg,1
000000191288.jpg,1
000000100510.jpg,3
000000441442.jpg,2
000000134856.jpg,3
000000308545.jpg,1
000000382111.jpg,2
000000377486.jpg,6
000000353051.jpg,1
000000260106.jpg,4
000000185473.jpg,5
000000481582.jpg,3
000000199236.jpg,14
000000242678.jpg,1
000000437239.jpg,4
000000357742.jpg,1
000000437205.jpg,1
000000325991.jpg,1
000000190853.jpg,1
000000330396.jpg,5
000000266409.jpg,1
000000482800.jpg,3
000000533493.jpg,3
000000261036.jpg,3
000000199055.jpg,1
000000059598.jpg,2
000000336265.jpg,1
000000038118.jpg,1
000000205333.jpg,2
000000136334.jpg,1
000000366711.jpg,1
000000052591.jpg,1
000000227482.jpg,1
000000434548.jpg,1
000000431545.jpg,2
000000319184.jpg,8
000000500270.jpg,8
000000553788.jpg,1
000000362520.jpg,1
000000157928.jpg,2
000000345466.jpg,6
000000127263.jpg,2
000000535306.jpg,1
000000347265.jpg,1
000000378454.jpg,1
000000440336.jpg,5
000000213171.jpg,1
000000128654.jpg,1
000000464089.jpg,10
000000465806.jpg,3
000000312720.jpg,1
000000280891.jpg,4
000000132931.jpg,2
000000342397.jpg,6
000000568213.jpg,2
000000556158.jpg,1
000000082986.jpg,3
000000364102.jpg,1
000000404249.jpg,1
000000480275.jpg,2
000000259097.jpg,1
000000118921.jpg,1
000000197388.jpg,5
000000485480.jpg,3
000000326542.jpg,3
000000261982.jpg,1
000000527029.jpg,1
000000567740.jpg,2
000000493442.jpg,1
000000129945.jpg,3
000000130579.jpg,1
000000257478.jpg,1
000000499031.jpg,3
000000030504.jpg,1
000000443844.jpg,1
000000428218.jpg,2
000000095155.jpg,4
000000008844.jpg,3
000000469828.jpg,1
000000000785.jpg,1
000000468632.jpg,4
000000552842.jpg,1
000000013291.jpg,4
000000164885.jpg,7
000000138115.jpg,1
000000064462.jpg,1
000000442836.jpg,3
000000451714.jpg,5
000000169356.jpg,1
000000576031.jpg,4
000000043816.jpg,2
000000163118.jpg,2
000000292415.jpg,1
000000331799.jpg,4
000000034452.jpg,1
000000162415.jpg,1
000000061747.jpg,1
000000051712.jpg,1
000000451144.jpg,2
000000090891.jpg,5
000000421455.jpg,1
000000091495.jpg,3
000000031093.jpg,3
000000239857.jpg,4
000000414170.jpg,3
000000304180.jpg,4
000000130699.jpg,7
000000516038.jpg,3
000000341719.jpg,6
000000227491.jpg,1
000000470779.jpg,5
000000102805.jpg,1
000000006954.jpg,5
000000574823.jpg,5
000000434204.jpg,4
000000447465.jpg,2
000000006471.jpg,10
000000174123.jpg,2
000000470952.jpg,8
000000216516.jpg,1
000000515982.jpg,3
000000009378.jpg,9
000000352582.jpg,2
000000196442.jpg,4
000000283520.jpg,2
000000425361.jpg,1
000000507015.jpg,6
000000109118.jpg,3
000000192670.jpg,9
000000407002.jpg,1
000000128112.jpg,1
000000223955.jpg,1
000000308165.jpg,1
000000069356.jpg,6
000000451879.jpg,4
000000401244.jpg,1
000000377113.jpg,9
000000434459.jpg,9
000000032735.jpg,2
000000293794.jpg,6
000000500478.jpg,14
000000010764.jpg,1
000000229601.jpg,9
000000451043.jpg,1
000000074860.jpg,1
000000512776.jpg,2
000000424551.jpg,2
000000352760.jpg,1
000000297698.jpg,5
000000005529.jpg,1
000000150649.jpg,6
000000388903.jpg,3
000000280779.jpg,1
000000455555.jpg,2
000000439522.jpg,1
000000377588.jpg,6
000000516601.jpg,12
000000569825.jpg,5
000000559547.jpg,3
000000282037.jpg,14
000000123213.jpg,11
000000243989.jpg,7
000000186042.jpg,1
000000400794.jpg,1
000000356428.jpg,4
000000236308.jpg,3
000000329827.jpg,1
000000554328.jpg,3
000000504589.jpg,2
000000459195.jpg,3
000000391290.jpg,3
000000430961.jpg,2
000000108495.jpg,1
000000003255.jpg,6
000000274708.jpg,6
000000172935.jpg,2
000000430377.jpg,2
000000427160.jpg,3
000000119445.jpg,3
000000272566.jpg,2
000000153229.jpg,7
000000411530.jpg,14
000000537506.jpg,4
000000568981.jpg,2
000000068387.jpg,4
000000239773.jpg,2
000000581357.jpg,11
000000453708.jpg,9
000000019221.jpg,1
000000184978.jpg,1
000000448263.jpg,14
000000572900.jpg,7
000000537827.jpg,2
000000328337.jpg,1
000000308793.jpg,2
000000424642.jpg,3
000000013201.jpg,1
000000013774.jpg,1
000000247917.jpg,10
000000481413.jpg,1
000000100238.jpg,4
000000407298.jpg,1
000000374369.jpg,1
000000376307.jpg,3
000000173830.jpg,1
000000271471.jpg,2
000000269316.jpg,4
000000398028.jpg,11
000000291619.jpg,2
000000220764.jpg,1
000000501005.jpg,3
000000559160.jpg,6
000000054628.jpg,1
000000462904.jpg,10
000000521819.jpg,9
000000303566.jpg,14
000000331280.jpg,14
000000439180.jpg,14
000000231508.jpg,14
000000417285.jpg,1
000000016228.jpg,14
000000085682.jpg,14
000000052891.jpg,6
000000072795.jpg,13
000000542127.jpg,14
000000188465.jpg,14
000000268729.jpg,5
000000387916.jpg,12
000000309655.jpg,13
000000516677.jpg,9
000000205324.jpg,2
000000361919.jpg,14
000000166747.jpg,14
000000084031.jpg,14
000000141671.jpg,14
000000438955.jpg,14
000000018491.jpg,10
000000025057.jpg,2
000000546823.jpg,13
000000476770.jpg,14
000000439994.jpg,14
000000193181.jpg,14
000000405249.jpg,10
000000509014.jpg,14
000000153669.jpg,14
000000060886.jpg,14
000000577539.jpg,2
000000197658.jpg,1
000000158660.jpg,2
000000080671.jpg,1
000000235784.jpg,1
000000153797.jpg,1
000000253695.jpg,1
000000244099.jpg,1
000000015956.jpg,1
000000110999.jpg,1
000000191614.jpg,1
000000261116.jpg,2
000000263966.jpg,1
000000367195.jpg,1
000000347370.jpg,1
000000079014.jpg,1
000000216277.jpg,1
000000342971.jpg,1
000000466602.jpg,1
000000242724.jpg,2
000000423104.jpg,1
000000330818.jpg,1
000000276055.jpg,1
000000081738.jpg,1
000000160728.jpg,13
000000579635.jpg,1
000000190007.jpg,1
000000447917.jpg,4
000000515579.jpg,3
000000473118.jpg,1
000000065350.jpg,3
000000364557.jpg,2
000000084674.jpg,3
000000558854.jpg,1
000000113235.jpg,1
000000204329.jpg,8
000000558213.jpg,2
000000428111.jpg,4
000000102820.jpg,1
000000450559.jpg,1
000000185950.jpg,1
000000493864.jpg,3
000000393469.jpg,2
000000171382.jpg,10
000000106912.jpg,1
000000239717.jpg,8
000000401250.jpg,1
000000094614.jpg,1
000000035682.jpg,4
000000389197.jpg,10
000000018519.jpg,1
000000253819.jpg,1
000000389109.jpg,6
000000161799.jpg,6
000000108503.jpg,14
000000553221.jpg,13
000000187362.jpg,1
000000162092.jpg,11
000000523033.jpg,3
000000512985.jpg,1
000000099810.jpg,1
000000451084.jpg,1
000000343937.jpg,1
000000089078.jpg,1
000000561958.jpg,12
000000072281.jpg,1
000000327592.jpg,1
000000417911.jpg,1
000000245320.jpg,2
000000121673.jpg,1
000000445602.jpg,6
000000529939.jpg,1
000000492968.jpg,1
000000243148.jpg,2
000000573258.jpg,1
000000092939.jpg,3
000000561223.jpg,1
000000529762.jpg,1
000000188592.jpg,1
000000464144.jpg,1
000000350148.jpg,4
000000083540.jpg,1
000000224222.jpg,3
000000229553.jpg,1
000000190841.jpg,1
000000502737.jpg,2
000000422998.jpg,1
000000378873.jpg,7
000000313034.jpg,3
000000422886.jpg,1
000000026690.jpg,14
000000424521.jpg,1
000000260470.jpg,6
000000054592.jpg,2
000000176799.jpg,3
000000570471.jpg,2
000000314709.jpg,1
000000187055.jpg,3
000000094944.jpg,3
000000051314.jpg,1
000000145665.jpg,1
000000111207.jpg,2
000000491130.jpg,2
000000438862.jpg,6
000000409475.jpg,2
000000230983.jpg,1
000000270677.jpg,1
000000069224.jpg,2
000000044195.jpg,2
000000257084.jpg,7
000000045550.jpg,7
000000373315.jpg,1
000000563349.jpg,1
000000252507.jpg,1
000000359677.jpg,1
000000496409.jpg,2
000000329456.jpg,5
000000448365.jpg,1
000000365521.jpg,13
000000541055.jpg,5
000000473121.jpg,1
000000242946.jpg,5
000000002473.jpg,4
000000384666.jpg,9
000000425906.jpg,13
000000442463.jpg,1
000000394510.jpg,1
000000194471.jpg,1
000000067310.jpg,5
000000490515.jpg,1
000000560178.jpg,1
000000532493.jpg,1
000000142971.jpg,4
000000154087.jpg,4
000000125472.jpg,1
000000400573.jpg,4
000000063047.jpg,6
000000432085.jpg,1
000000283268.jpg,2
000000038678.jpg,4
000000486438.jpg,1
000000291551.jpg,4
000000516173.jpg,2
000000263969.jpg,2
000000300276.jpg,4
000000199442.jpg,1
000000534041.jpg,4
000000361506.jpg,1
000000096825.jpg,1
000000301563.jpg,3
000000343453.jpg,1
000000358195.jpg,1
000000370677.jpg,3
000000309467.jpg,2
000000132703.jpg,1
000000125257.jpg,1
000000107094.jpg,1
000000312489.jpg,2
000000177357.jpg,1
000000020992.jpg,1
000000249786.jpg,11
000000007977.jpg,5
000000431848.jpg,2
000000313562.jpg,2
000000038210.jpg,2
000000128699.jpg,12
000000576566.jpg,1
000000109992.jpg,1
000000378244.jpg,1
000000548555.jpg,1
000000074457.jpg,1
000000161879.jpg,1
000000554595.jpg,1
000000475064.jpg,3
000000515445.jpg,5
000000129812.jpg,1
000000334767.jpg,6
000000577864.jpg,3
000000473406.jpg,1
000000449312.jpg,1
000000419379.jpg,1
000000170613.jpg,2
000000146831.jpg,2
000000336356.jpg,5
000000005193.jpg,6
000000327306.jpg,1
000000581206.jpg,1
000000090956.jpg,1
000000185292.jpg,1
000000426376.jpg,1
000000414385.jpg,1
000000350679.jpg,10
000000039785.jpg,3
000000489924.jpg,1
000000172649.jpg,1
000000092053.jpg,1
000000162732.jpg,5
000000033104.jpg,6
000000476119.jpg,1
000000122672.jpg,1
000000180135.jpg,1
000000421060.jpg,14
000000515577.jpg,2
000000119911.jpg,1
000000306437.jpg,1
000000275058.jpg,1
000000581062.jpg,1
000000003553.jpg,1
000000187990.jpg,1
000000217872.jpg,1
000000041990.jpg,3
000000532855.jpg,1
000000398742.jpg,5
000000151051.jpg,1
000000322724.jpg,2
000000036539.jpg,2
000000438907.jpg,2
000000327605.jpg,2
000000121591.jpg,1
000000080273.jpg,1
000000258388.jpg,3
000000341973.jpg,2
000000457559.jpg,6
000000149375.jpg,4
000000295316.jpg,4
000000193429.jpg,1
000000420281.jpg,3
000000523807.jpg,2
000000043314.jpg,3
000000449603.jpg,1
000000426795.jpg,1
000000257624.jpg,1
000000419408.jpg,2
000000013546.jpg,2
000000256868.jpg,5
000000450399.jpg,14
000000142790.jpg,2
000000270122.jpg,1
000000157365.jpg,1
000000226147.jpg,2
000000001490.jpg,1
000000398438.jpg,1
000000295138.jpg,1
000000289417.jpg,6
000000187585.jpg,1
000000034417.jpg,6
000000099242.jpg,1
000000177539.jpg,1
000000535523.jpg,2
000000517056.jpg,2
000000476258.jpg,1
000000349594.jpg,1
000000335328.jpg,2
000000562229.jpg,3
000000246883.jpg,2
000000161781.jpg,1
000000024567.jpg,1
000000045090.jpg,2
000000349860.jpg,3
000000397681.jpg,1
000000210230.jpg,8
000000426203.jpg,2
000000395903.jpg,1
000000084492.jpg,2
000000459662.jpg,2
000000163640.jpg,3
000000402118.jpg,1
000000528314.jpg,9
000000054164.jpg,1
000000458325.jpg,12
000000053626.jpg,4
000000071877.jpg,1
000000303893.jpg,2
000000326128.jpg,1
000000529122.jpg,3
000000562818.jpg,14
000000037689.jpg,14
000000530975.jpg,6
000000544444.jpg,1
000000097278.jpg,1
000000068628.jpg,1
000000405195.jpg,2
000000455448.jpg,2
000000465836.jpg,3
000000156643.jpg,10
000000087476.jpg,11
000000331817.jpg,1
000000176901.jpg,3
000000334483.jpg,8
000000209757.jpg,7
000000297427.jpg,3
000000364884.jpg,14
000000407650.jpg,1
000000245311.jpg,2
000000383337.jpg,2
000000532481.jpg,2
000000416343.jpg,3
000000288862.jpg,4
000000278705.jpg,2
000000035197.jpg,2
000000374083.jpg,2
000000468505.jpg,1
000000245026.jpg,1
000000574520.jpg,1
000000137246.jpg,2
000000480936.jpg,1
000000273715.jpg,4
000000093353.jpg,1
000000004765.jpg,1
000000378673.jpg,14
000000043435.jpg,2
000000230819.jpg,1
000000447611.jpg,2
000000461009.jpg,6
000000462371.jpg,7
000000023359.jpg,1
000000452784.jpg,1
000000456303.jpg,3
000000016451.jpg,1
000000250901.jpg,3
000000073946.jpg,3
000000326462.jpg,1
000000273711.jpg,2
000000142238.jpg,14
000000018193.jpg,1
000000326174.jpg,7
000000179898.jpg,9
000000051938.jpg,11
000000148662.jpg,3
000000410456.jpg,7
000000513567.jpg,9
000000276434.jpg,2
000000263068.jpg,1
000000481390.jpg,14
000000538236.jpg,5
000000093717.jpg,12
000000132544.jpg,10
000000188296.jpg,7
000000086755.jpg,2
000000074200.jpg,6
000000125936.jpg,5
000000226903.jpg,1
000000046463.jpg,1
000000540932.jpg,7
000000350405.jpg,2
000000377635.jpg,4
000000145597.jpg,5
000000214539.jpg,14
000000520659.jpg,14
000000420069.jpg,10
000000468332.jpg,10
000000376112.jpg,14
000000463542.jpg,14
000000563648.jpg,14
000000567640.jpg,7
000000523957.jpg,11
000000131556.jpg,5
000000279730.jpg,3
000000572620.jpg,14
000000439426.jpg,3
000000231125.jpg,2
000000184384.jpg,1
000000399296.jpg,1
000000406611.jpg,13
000000083531.jpg,3
000000336209.jpg,1
000000396200.jpg,2
000000254016.jpg,1
000000006460.jpg,1
000000464786.jpg,1
000000118367.jpg,1
000000022479.jpg,1
000000157601.jpg,1
000000538458.jpg,2
000000311303.jpg,1
000000167572.jpg,2
000000528399.jpg,1
000000400044.jpg,1
000000345941.jpg,1
000000128476.jpg,2
000000397351.jpg,2
000000289938.jpg,5
000000192964.jpg,1
000000359833.jpg,1
000000331604.jpg,1
000000015597.jpg,1
000000324158.jpg,1
000000213255.jpg,1
000000535858.jpg,1
000000565853.jpg,1
000000112298.jpg,1
000000357978.jpg,5
000000569972.jpg,1
000000482319.jpg,3
000000435208.jpg,2
000000019786.jpg,2
000000080932.jpg,2
000000471756.jpg,1
000000107339.jpg,2
000000139077.jpg,1
000000201646.jpg,1
000000491366.jpg,2
000000092091.jpg,1
000000044877.jpg,3
000000455937.jpg,1
000000515077.jpg,1
000000010707.jpg,3
000000467315.jpg,1
000000563267.jpg,2
000000195842.jpg,1
000000218439.jpg,7
000000468501.jpg,3
000000091406.jpg,4
000000471893.jpg,3
000000292446.jpg,5
000000448076.jpg,6
000000411817.jpg,8
000000468954.jpg,2
000000109313.jpg,1
000000293625.jpg,2
000000144984.jpg,1
000000533145.jpg,1
000000036936.jpg,2
000000319100.jpg,2
000000556000.jpg,4
000000514508.jpg,4
000000164883.jpg,1
000000146358.jpg,4
000000575081.jpg,1
000000467176.jpg,6
000000454067.jpg,1
000000048396.jpg,2
000000559543.jpg,1
000000154358.jpg,1
000000193674.jpg,1
000000465549.jpg,2
000000013729.jpg,4
000000257370.jpg,2
000000000139.jpg,2
000000059635.jpg,14
000000546964.jpg,10
000000222735.jpg,1
000000237071.jpg,1
000000512657.jpg,3
000000220584.jpg,1
000000302990.jpg,2
000000263403.jpg,1
000000402720.jpg,3
000000252701.jpg,2
000000248400.jpg,1
000000406129.jpg,1
000000513041.jpg,3
000000082688.jpg,3
000000321214.jpg,1
000000297595.jpg,1
000000177065.jpg,5
000000009400.jpg,9
000000485027.jpg,1
000000140987.jpg,6
000000320696.jpg,1
000000292024.jpg,1
000000351823.jpg,1
000000162581.jpg,1
000000518770.jpg,5
000000021879.jpg,4
000000482275.jpg,3
000000152686.jpg,2
000000498807.jpg,1
000000549055.jpg,1
000000341196.jpg,3
000000149770.jpg,1
000000231879.jpg,5
000000027972.jpg,1
000000289059.jpg,2
000000065736.jpg,1
000000019432.jpg,1
000000023899.jpg,3
000000554156.jpg,1
000000085772.jpg,1
000000325483.jpg,2
000000025603.jpg,4
000000033368.jpg,1
000000031217.jpg,1
000000274066.jpg,5
000000439525.jpg,1
000000215259.jpg,2
000000354307.jpg,1
000000290163.jpg,4
000000158744.jpg,1
000000385029.jpg,1
000000324258.jpg,2
000000002261.jpg,1
000000375469.jpg,2
000000477955.jpg,1
000000088970.jpg,1
000000383842.jpg,10
000000361238.jpg,2
000000156924.jpg,2
000000364126.jpg,1
000000182155.jpg,2
000000548524.jpg,3
000000410496.jpg,14
000000347174.jpg,1
000000444142.jpg,1
000000500565.jpg,2
000000000885.jpg,8
000000148739.jpg,1
000000104424.jpg,1
000000372577.jpg,2
000000271402.jpg,2
000000201426.jpg,2
000000210915.jpg,1
000000431693.jpg,1
000000381360.jpg,1
000000040757.jpg,1
000000388215.jpg,1
000000397279.jpg,1
000000206579.jpg,3
000000321790.jpg,1
000000489764.jpg,1
000000042528.jpg,1
000000414034.jpg,1
000000474021.jpg,4
000000320642.jpg,4
000000475191.jpg,1
000000479953.jpg,1
000000214703.jpg,2
000000035279.jpg,1
000000460333.jpg,1
000000373382.jpg,14
000000212166.jpg,1
000000133418.jpg,1
000000007278.jpg,1
000000488166.jpg,1
000000327701.jpg,4
000000091500.jpg,2
000000166165.jpg,2
000000031620.jpg,4
000000362716.jpg,1
000000416451.jpg,2
000000143572.jpg,14
000000156076.jpg,3
000000193348.jpg,1
000000325347.jpg,2
000000551215.jpg,1
000000180560.jpg,2
000000324614.jpg,1
000000304812.jpg,6
000000311394.jpg,1
000000063965.jpg,1
000000420840.jpg,3
000000393056.jpg,1
000000047801.jpg,5
000000445999.jpg,1
000000039551.jpg,1
000000099182.jpg,1
000000544519.jpg,1
000000394559.jpg,1
000000189752.jpg,3
000000302536.jpg,2
000000096493.jpg,1
000000161925.jpg,2
000000252776.jpg,3
000000019402.jpg,2
000000049759.jpg,14
000000128675.jpg,3
000000449661.jpg,1
000000241668.jpg,2
000000172571.jpg,1
000000209829.jpg,3
000000296222.jpg,1
000000551804.jpg,1
000000400161.jpg,1
000000438304.jpg,2
000000082715.jpg,1
000000055950.jpg,1
000000223182.jpg,5
000000329542.jpg,1
000000345385.jpg,2
000000563281.jpg,1
000000111609.jpg,1
000000294831.jpg,1
000000240023.jpg,6
000000403584.jpg,8
000000050943.jpg,1
000000429761.jpg,2
000000554266.jpg,2
000000495732.jpg,3
000000371749.jpg,2
000000213830.jpg,5
000000309678.jpg,1
000000064898.jpg,2
000000521509.jpg,1
000000003934.jpg,7
000000513524.jpg,1
000000568195.jpg,3
000000334417.jpg,1
000000113720.jpg,5
000000505451.jpg,1
000000361147.jpg,9
000000554735.jpg,1
000000265777.jpg,1
000000328601.jpg,1
000000170474.jpg,1
000000455301.jpg,2
000000022935.jpg,2
000000177213.jpg,1
000000451155.jpg,1
000000027186.jpg,1
000000516318.jpg,1
000000032081.jpg,1
000000239347.jpg,2
000000055528.jpg,1
000000190307.jpg,1
000000027696.jpg,1
000000171757.jpg,3
000000115898.jpg,1
000000518326.jpg,2
000000170191.jpg,1
000000425702.jpg,1
000000110449.jpg,2
000000261535.jpg,1
000000316404.jpg,2
000000422670.jpg,2
000000371042.jpg,3
000000129492.jpg,3
000000318138.jpg,3
000000137106.jpg,1
000000175251.jpg,1
000000272148.jpg,13
000000273760.jpg,1
000000229111.jpg,1
000000081988.jpg,5
000000060102.jpg,2
000000200421.jpg,1
000000289415.jpg,1
000000482735.jpg,1
000000191672.jpg,1
000000489611.jpg,1
000000033221.jpg,10
000000441491.jpg,3
000000468577.jpg,1
000000463174.jpg,1
000000307172.jpg,1
000000062808.jpg,3
000000521717.jpg,3
000000498032.jpg,1
000000530820.jpg,1
000000287347.jpg,2
000000199551.jpg,1
000000276285.jpg,1
000000371552.jpg,6
000000234607.jpg,2
000000238013.jpg,1
000000327617.jpg,1
000000391140.jpg,1
000000415882.jpg,1
000000551439.jpg,1
000000052507.jpg,1
000000062692.jpg,1
000000064718.jpg,1
000000503755.jpg,1
000000376093.jpg,5
000000491008.jpg,2
000000474167.jpg,3
000000074733.jpg,2
000000117744.jpg,1
000000179487.jpg,13
000000473237.jpg,1
000000203864.jpg,2
000000532690.jpg,3
000000390246.jpg,1
000000257865.jpg,1
000000372349.jpg,2
000000382125.jpg,9
000000441286.jpg,1
000000547854.jpg,2
000000080022.jpg,1
000000556193.jpg,2
000000317999.jpg,2
000000099039.jpg,1
000000376206.jpg,1
000000382009.jpg,1
000000578545.jpg,1
000000363207.jpg,6
000000278973.jpg,1
000000355257.jpg,1
000000135604.jpg,1
000000201072.jpg,4
000000515350.jpg,1
000000404839.jpg,2
000000378284.jpg,2
000000079031.jpg,1
000000185890.jpg,5
000000402615.jpg,14
000000180101.jpg,4
000000380711.jpg,1
000000571598.jpg,10
000000025228.jpg,1
000000378116.jpg,1
000000497344.jpg,1
000000179141.jpg,4
000000463802.jpg,1
000000018150.jpg,2
000000232692.jpg,7
000000463918.jpg,3
000000032570.jpg,1
000000127530.jpg,1
000000096427.jpg,3
000000150417.jpg,2
000000329455.jpg,3
000000445792.jpg,1
000000209530.jpg,7
000000300341.jpg,6
000000254368.jpg,1
000000258883.jpg,1
000000292908.jpg,1
000000151629.jpg,3
000000391722.jpg,5
000000076468.jpg,14
000000515828.jpg,2
000000332351.jpg,14
000000437331.jpg,1
000000122962.jpg,14
000000078915.jpg,10
000000569059.jpg,9
000000376900.jpg,14
000000342128.jpg,13
000000059044.jpg,14
000000279541.jpg,1
000000368212.jpg,1
000000409211.jpg,13
000000485071.jpg,1
000000172946.jpg,13
000000133244.jpg,14
000000326248.jpg,13
000000386879.jpg,1
000000079969.jpg,14
000000474028.jpg,14
000000266892.jpg,14
000000121744.jpg,11
000000001000.jpg,12
000000189775.jpg,14
000000126137.jpg,13
000000047112.jpg,1
000000479248.jpg,2
000000493905.jpg,14
000000356505.jpg,1
000000098853.jpg,14
000000064523.jpg,11
000000578489.jpg,7
000000551820.jpg,14
000000075612.jpg,12
000000541123.jpg,14
000000183391.jpg,14
000000179642.jpg,10
000000157046.jpg,2
000000398203.jpg,12
000000402765.jpg,1
000000386352.jpg,11
000000274460.jpg,13
000000229849.jpg,14
000000054605.jpg,4
000000506178.jpg,2
000000404805.jpg,1
000000274411.jpg,1
000000223959.jpg,1
000000383838.jpg,2
000000035062.jpg,1
000000012576.jpg,1
000000183127.jpg,1
000000334530.jpg,1
000000108253.jpg,1
000000039480.jpg,1
000000365095.jpg,1
000000539883.jpg,1
000000063154.jpg,1
000000353027.jpg,1
000000051976.jpg,1
000000355325.jpg,1
000000190637.jpg,1
000000033005.jpg,1
000000345252.jpg,1
000000494913.jpg,1
000000312552.jpg,1
000000536038.jpg,2
000000117719.jpg,1
000000567011.jpg,1
000000568584.jpg,1
000000369310.jpg,1
000000225405.jpg,3
000000262587.jpg,1
000000046048.jpg,1
000000323355.jpg,2
000000306700.jpg,1
000000141821.jpg,2
000000427034.jpg,1
000000340894.jpg,1
000000357888.jpg,1
000000086582.jpg,1
000000115870.jpg,5
000000332845.jpg,1
000000450303.jpg,6
000000383339.jpg,1
000000367095.jpg,5
000000546717.jpg,1
000000160012.jpg,1
000000568710.jpg,1
000000246968.jpg,1
000000009483.jpg,1
000000089296.jpg,2
000000377393.jpg,10
000000032038.jpg,1
000000504389.jpg,2
000000306139.jpg,8
000000426836.jpg,1
000000292225.jpg,2
000000248616.jpg,3
000000130586.jpg,1
000000231747.jpg,2
000000269121.jpg,1
000000357238.jpg,1
000000154425.jpg,1
000000463690.jpg,4
000000218997.jpg,12
000000447088.jpg,3
000000248752.jpg,1
000000374545.jpg,14
000000187734.jpg,10
000000089648.jpg,11
000000261732.jpg,1
000000323895.jpg,2
000000450686.jpg,1
000000459809.jpg,6
000000432898.jpg,14
000000311002.jpg,5
000000143068.jpg,13
000000434230.jpg,4
000000457884.jpg,3
000000085157.jpg,7
000000408774.jpg,4
000000145020.jpg,14
000000093261.jpg,3
000000553669.jpg,9
000000343706.jpg,1
000000371699.jpg,1
000000022705.jpg,1
000000425227.jpg,2
000000447314.jpg,10
000000160864.jpg,6
000000002153.jpg,4
000000037988.jpg,3
000000471789.jpg,12
000000359540.jpg,5
000000491464.jpg,1
000000438876.jpg,1
000000236599.jpg,4
000000162035.jpg,3
000000264968.jpg,7
000000050638.jpg,1
000000284743.jpg,5
000000343218.jpg,2
000000166478.jpg,1
000000514586.jpg,4
000000088345.jpg,2
000000527427.jpg,1
000000039914.jpg,10
000000520264.jpg,2
000000511760.jpg,2
000000302107.jpg,3
000000514797.jpg,3
000000099024.jpg,1
000000281687.jpg,10
000000562581.jpg,1
000000254516.jpg,9
000000161861.jpg,1
000000521956.jpg,1
000000538067.jpg,6
000000205105.jpg,1
000000374982.jpg,2
000000557916.jpg,1
000000440184.jpg,5
000000407646.jpg,1
000000007511.jpg,14
000000140840.jpg,5
000000286553.jpg,2
000000224664.jpg,8
000000235778.jpg,2
000000270908.jpg,1
000000447187.jpg,4
000000235836.jpg,1
000000054593.jpg,6
000000424349.jpg,2
000000017959.jpg,14
000000579307.jpg,2
000000356094.jpg,2
000000320490.jpg,1
000000136915.jpg,3
000000221291.jpg,1
000000343524.jpg,1
000000119365.jpg,2
000000209753.jpg,1
000000511647.jpg,1
000000288430.jpg,7
000000058350.jpg,2
000000548339.jpg,5
000000256775.jpg,7
000000506707.jpg,8
000000357816.jpg,4
000000050326.jpg,1
000000527215.jpg,5
000000399462.jpg,3
000000370270.jpg,3
000000098287.jpg,14
000000468965.jpg,10
000000492110.jpg,3
000000216296.jpg,3
000000090284.jpg,1
000000577959.jpg,1
000000199310.jpg,1
000000196141.jpg,5
000000181303.jpg,1
000000181499.jpg,1
000000046252.jpg,3
000000404923.jpg,4
000000527528.jpg,2
000000070229.jpg,1
000000409542.jpg,6
000000232684.jpg,1
000000289960.jpg,1
000000522889.jpg,3
000000224337.jpg,4
000000369323.jpg,3
000000051610.jpg,1
000000414673.jpg,14
000000383384.jpg,9
000000548246.jpg,4
000000312192.jpg,1
000000067406.jpg,3
000000305309.jpg,3
000000116068.jpg,3
000000262487.jpg,3
000000451435.jpg,1
000000121497.jpg,6
000000322944.jpg,1
000000403122.jpg,12
000000428454.jpg,1
000000270474.jpg,1
000000299553.jpg,14
000000474344.jpg,2
000000473869.jpg,1
000000074646.jpg,10
000000294695.jpg,8
000000039951.jpg,3
000000128748.jpg,3
000000015660.jpg,1
000000576654.jpg,2
000000263679.jpg,4
000000343149.jpg,4
000000086956.jpg,3
000000486104.jpg,14
000000407868.jpg,3
000000494759.jpg,2
000000398237.jpg,1
000000146457.jpg,2
000000261061.jpg,1
000000308587.jpg,13
000000427077.jpg,1
000000361730.jpg,14
000000384670.jpg,2
000000033759.jpg,1
000000394677.jpg,4
000000404922.jpg,3
000000047740.jpg,4
000000248112.jpg,2
000000158227.jpg,1
000000341681.jpg,1
000000379332.jpg,3
000000390902.jpg,2
000000005586.jpg,14
000000077460.jpg,14
000000452515.jpg,3
000000224675.jpg,2
000000273493.jpg,2
000000026465.jpg,1
000000239537.jpg,1
000000504415.jpg,1
000000529148.jpg,2
000000276804.jpg,5
000000323496.jpg,6
000000549738.jpg,4
000000193743.jpg,4
000000012639.jpg,14
000000497599.jpg,4
000000083172.jpg,3
000000171788.jpg,1
000000383289.jpg,1
000000119995.jpg,5
000000415727.jpg,3
000000510095.jpg,1
000000223738.jpg,5
000000127270.jpg,5
000000462031.jpg,2
000000325838.jpg,1
000000246436.jpg,1
000000507223.jpg,7
000000474078.jpg,4
000000062355.jpg,5
000000279774.jpg,6
000000000872.jpg,2
000000074092.jpg,14
000000405279.jpg,4
000000477805.jpg,2
000000193245.jpg,14
000000005001.jpg,14
000000513283.jpg,1
000000012120.jpg,14
000000057597.jpg,14
000000331317.jpg,1
000000533816.jpg,13
000000134322.jpg,14
000000449579.jpg,1
000000458045.jpg,8
000000199395.jpg,11
000000559348.jpg,14
000000410650.jpg,14
000000024027.jpg,2
000000410735.jpg,1
000000559842.jpg,14
000000427256.jpg,14
000000014439.jpg,14
000000060507.jpg,14
000000395801.jpg,13
000000065798.jpg,14
000000570756.jpg,14
000000429690.jpg,10
000000465822.jpg,12
000000163057.jpg,14
000000388056.jpg,10
000000261097.jpg,14
000000236426.jpg,14
000000478721.jpg,5
000000312237.jpg,13
000000039405.jpg,14
000000570688.jpg,14
000000057760.jpg,14
000000311928.jpg,1
000000159399.jpg,6
000000303713.jpg,14
000000293200.jpg,14
000000012670.jpg,14
000000095862.jpg,14
000000259690.jpg,14
000000433103.jpg,11
000000208363.jpg,14
000000470924.jpg,14
000000207306.jpg,1
000000124442.jpg,1
000000147729.jpg,9
000000427997.jpg,14
000000370375.jpg,1
000000189475.jpg,11
000000304404.jpg,14
000000163117.jpg,12
000000217285.jpg,14
000000531135.jpg,14
000000305317.jpg,14
000000528578.jpg,11
000000133969.jpg,14
000000281409.jpg,12
000000328430.jpg,14
000000433515.jpg,14
000000203931.jpg,14
000000182923.jpg,14
000000425925.jpg,2
000000094185.jpg,1
000000426241.jpg,1
000000296231.jpg,3
000000412286.jpg,1
000000367228.jpg,1
000000170116.jpg,8
000000116208.jpg,1
000000182021.jpg,3
000000563470.jpg,1
000000084362.jpg,1
000000410510.jpg,1
000000290179.jpg,4
000000524456.jpg,2
000000465718.jpg,5
000000208423.jpg,2
000000545007.jpg,1
000000097337.jpg,3
000000474293.jpg,1
000000492758.jpg,1
000000411774.jpg,1
000000025424.jpg,1
000000541773.jpg,5
000000177489.jpg,2
000000564091.jpg,1
000000301718.jpg,2
000000119516.jpg,2
000000336628.jpg,6
000000537991.jpg,1
000000125572.jpg,14
000000066771.jpg,2
000000411938.jpg,7
000000157767.jpg,13
000000553731.jpg,6
000000565877.jpg,1
000000024243.jpg,14
000000290843.jpg,1
000000397354.jpg,6
000000160556.jpg,1
000000578871.jpg,1
000000117908.jpg,1
000000132375.jpg,3
000000074256.jpg,5
000000167486.jpg,7
000000180751.jpg,2
000000179112.jpg,1
000000280930.jpg,1
000000286660.jpg,1
000000157756.jpg,10
000000454404.jpg,1
000000450202.jpg,2
000000302882.jpg,1
000000213035.jpg,3
000000079588.jpg,5
000000563882.jpg,8
000000322163.jpg,7
000000545100.jpg,3
000000368294.jpg,1
000000560911.jpg,1
000000281414.jpg,1
000000345397.jpg,1
000000496571.jpg,2
000000117197.jpg,1
000000404678.jpg,9
000000569976.jpg,3
000000470773.jpg,1
000000125129.jpg,3
000000579070.jpg,6
000000346968.jpg,1
000000297084.jpg,1
000000326970.jpg,3
000000579655.jpg,1
000000009590.jpg,6
000000144784.jpg,1
000000478420.jpg,2
000000285047.jpg,1
000000266768.jpg,13
000000363666.jpg,6
000000261318.jpg,1
000000506933.jpg,1
000000112997.jpg,1
000000484978.jpg,1
000000156292.jpg,2
000000073533.jpg,2
000000501368.jpg,1
000000499266.jpg,3
000000365886.jpg,1
000000268378.jpg,9
000000398377.jpg,5
000000341828.jpg,1
000000151000.jpg,7
000000255483.jpg,1
000000066886.jpg,1
000000147415.jpg,1
000000284764.jpg,1
000000567886.jpg,1
000000025394.jpg,3
000000244750.jpg,4
000000174371.jpg,6
000000048564.jpg,1
000000380913.jpg,6
000000286523.jpg,1
000000369503.jpg,1
000000249180.jpg,3
000000262631.jpg,3
000000085089.jpg,3
000000215114.jpg,1
000000078170.jpg,2
000000581317.jpg,1
000000356424.jpg,3
000000060899.jpg,1
000000356531.jpg,1
000000442161.jpg,4
000000411754.jpg,5
000000191013.jpg,2
000000168883.jpg,4
000000512929.jpg,2
000000127394.jpg,6
000000240250.jpg,9
000000474039.jpg,1
000000273420.jpg,1
000000530061.jpg,2
000000259597.jpg,14
000000001296.jpg,2
000000202001.jpg,1
000000053909.jpg,1
000000418062.jpg,3
000000537270.jpg,3
000000032887.jpg,2
000000488673.jpg,2
000000100624.jpg,4
000000031118.jpg,13
000000146155.jpg,5
000000070739.jpg,3
000000052413.jpg,2
000000286182.jpg,1
000000194716.jpg,2
000000242411.jpg,1
000000417632.jpg,6
000000297562.jpg,10
000000238410.jpg,9
000000032334.jpg,5
000000229216.jpg,2
000000326541.jpg,6
000000456662.jpg,1
000000213086.jpg,1
000000073153.jpg,1
000000154644.jpg,2
000000120420.jpg,10
000000350002.jpg,1
000000150638.jpg,4
000000334309.jpg,3
000000036660.jpg,1
000000071938.jpg,1
000000412362.jpg,3
000000057150.jpg,13
000000483999.jpg,11
000000231339.jpg,1
000000280918.jpg,2
000000505789.jpg,8
000000384136.jpg,1
000000508730.jpg,2
000000336053.jpg,4
000000334399.jpg,3
000000168974.jpg,1
000000498747.jpg,9
000000025386.jpg,3
000000356248.jpg,4
000000345356.jpg,2
000000123633.jpg,5
000000439773.jpg,1
000000433980.jpg,1
000000368752.jpg,3
000000066706.jpg,3
000000137294.jpg,2
000000300039.jpg,1
000000224807.jpg,14
000000094157.jpg,14
000000151820.jpg,7
000000381587.jpg,4
000000338905.jpg,11
000000484351.jpg,14
000000203629.jpg,11
000000006771.jpg,8
000000282298.jpg,14
000000410880.jpg,1
000000064084.jpg,1
000000257169.jpg,1
000000015335.jpg,11
000000424135.jpg,2
000000305609.jpg,1
000000363188.jpg,14
000000142620.jpg,1
000000018380.jpg,14
000000002685.jpg,6
000000475572.jpg,2
000000376322.jpg,14
000000388927.jpg,3
000000399205.jpg,12
000000031296.jpg,13
000000314264.jpg,1
000000135890.jpg,10
000000321333.jpg,2
000000233238.jpg,9
000000546219.jpg,9
000000171190.jpg,10
000000117492.jpg,14
000000166918.jpg,13
000000436617.jpg,13
000000459954.jpg,1
000000173057.jpg,14
000000243034.jpg,10
000000105335.jpg,2
000000528705.jpg,1
000000508312.jpg,1
000000332570.jpg,1
000000311180.jpg,1
000000462643.jpg,1
000000263425.jpg,2
000000292488.jpg,1
000000005060.jpg,1
000000500716.jpg,1
000000552775.jpg,1
000000159791.jpg,8
000000161397.jpg,1
000000546475.jpg,2
000000435205.jpg,1
000000351096.jpg,1
000000002431.jpg,2
000000251824.jpg,1
000000394940.jpg,1
